protocolo,roteador,duracao_s,pacotes,bytes,pacotes_por_s,bytes_por_s,memoria_kb
bgp,r1,120,6,388,0.05,3.2,12428
bgp,r2,120,6,388,0.05,3.2,11228
bgp,r3,120,10,634,0.083,5.3,11120
bgp,r4,120,6,426,0.05,3.5,13096
bgp,r5,120,8,492,0.067,4.1,11860
ospf,r1,120,24,1632,0.2,13.6,6328
ospf,r2,120,24,1632,0.2,13.6,6308
ospf,r3,120,36,2448,0.3,20.4,6292
ospf,r4,120,36,2448,0.3,20.4,6328
ospf,r5,120,24,1632,0.2,13.6,6116
rip,r1,120,8,1696,0.067,14.1,4540
rip,r2,120,8,1696,0.067,14.1,4624
rip,r3,120,15,3880,0.125,32.3,4556
rip,r4,120,12,3104,0.1,25.9,4572
rip,r5,120,8,1696,0.067,14.1,4348
