protocolo,origem,destino,rtt_min_ms,rtt_medio_ms,rtt_max_ms,perda_pct
rip,pc1,pc2,0.052,0.064,0.083,0
rip,pc1,pc3,0.046,0.061,0.086,0
rip,pc1,pc4,0.056,0.078,0.116,0
rip,pc1,pc5,0.056,0.067,0.084,0
rip,pc2,pc1,0.044,0.056,0.085,0
rip,pc2,pc3,0.045,0.068,0.101,0
rip,pc2,pc4,0.051,0.065,0.097,0
rip,pc2,pc5,0.051,0.070,0.103,0
rip,pc3,pc1,0.044,0.053,0.077,0
rip,pc3,pc2,0.067,0.096,0.137,0
rip,pc3,pc4,0.045,0.066,0.093,0
rip,pc3,pc5,0.046,0.065,0.082,0
rip,pc4,pc1,0.042,0.063,0.077,0
rip,pc4,pc2,0.044,0.054,0.068,0
rip,pc4,pc3,0.051,0.065,0.083,0
rip,pc4,pc5,0.033,0.061,0.081,0
rip,pc5,pc1,0.053,0.097,0.383,0
rip,pc5,pc2,0.051,0.065,0.100,0
rip,pc5,pc3,0.044,0.060,0.094,0
rip,pc5,pc4,0.038,0.057,0.082,0
